,"k-means clusters 5, (Joules)"
0,9.102115052894044e-21
1,1.4607814597362629e-21
2,8.132684951188479e-21
3,1.5468057639895422e-20
4,1.5750218785696872e-20
