,"k-means clusters 5, (Joules)"
0,2.6620635989933277e-21
1,1.164199285078592e-20
2,9.997943653870889e-21
3,7.086693300037434e-21
4,8.014627450762284e-21
