,"k-means clusters 5, (Joules)"
0,5.739998753037026e-21
1,1.0285870291337897e-20
2,5.431832508934443e-21
3,3.999049792644502e-21
4,1.6920718766042266e-20
