,"k-means clusters 5, (Joules)"
0,1.3406501489427508e-22
1,3.2503941092452496e-20
2,1.6321778892302033e-20
3,2.3905998508736556e-20
4,1.9516192967177296e-20
