,"k-means clusters 5, (Joules)"
0,5.3463499842558485e-21
1,3.821520484503124e-21
2,9.110419906204192e-21
3,1.9319229112620294e-20
4,6.507250598741243e-21
