,"k-means clusters 5, (Joules)"
0,1.2396417674561338e-21
1,1.774958686047159e-20
2,1.927459649373796e-20
3,6.354278926606271e-21
4,1.6191023849613366e-20
