,"k-means clusters 5, (Joules)"
0,9.80508736292158e-22
1,8.579528491701922e-21
2,1.8808679174004337e-20
3,1.0948421533602383e-20
4,2.3637933475640262e-20
