,"k-means clusters 5, (Joules)"
0,4.362130084070537e-21
1,5.3621991462905766e-21
2,1.9136997794947115e-20
3,4.3764792609188674e-21
4,1.6151092538840715e-20
