,"k-means clusters 5, (Joules)"
0,2.546007286585835e-21
1,5.875841599715359e-21
2,7.319712594814151e-21
3,1.3288095340829939e-20
4,2.0897019657210633e-20
